Code Domaine,Domaine,Code zone (M49),Zone,Code Élément,Élément,Code Produit,Produit,Code année,Année,Unité,Valeur,Symbole,Description du Symbole,Note
"MK","Indicateurs macro","004","Afghanistan","6110","Valeur US $","22008","Produit Intérieur Brut","2017","2017","Millions d’USD","18896.352021","X","Ciffre de sources internationales",""
"MK","Indicateurs macro","710","Afrique du Sud","6110","Valeur US $","22008","Produit Intérieur Brut","2017","2017","Millions d’USD","380851.444101","X","Ciffre de sources internationales",""
"MK","Indicateurs macro","008","Albanie","6110","Valeur US $","22008","Produit Intérieur Brut","2017","2017","Millions d’USD","13019.729856","X","Ciffre de sources internationales",""
"MK","Indicateurs macro","012","Algérie","6110","Valeur US $","22008","Produit Intérieur Brut","2017","2017","Millions d’USD","170096.987241","X","Ciffre de sources internationales",""
"MK","Indicateurs macro","276","Allemagne","6110","Valeur US $","22008","Produit Intérieur Brut","2017","2017","Millions d’USD","3690849.152518","X","Ciffre de sources internationales",""
"MK","Indicateurs macro","020","Andorre","6110","Valeur US $","22008","Produit Intérieur Brut","2017","2017","Millions d’USD","3000.160225","X","Ciffre de sources internationales",""
"MK","Indicateurs macro","024","Angola","6110","Valeur US $","22008","Produit Intérieur Brut","2017","2017","Millions d’USD","122123.858628","X","Ciffre de sources internationales",""
"MK","Indicateurs macro","660","Anguilla","6110","Valeur US $","22008","Produit Intérieur Brut","2017","2017","Millions d’USD","281.055556","X","Ciffre de sources internationales",""
"MK","Indicateurs macro","028","Antigua-et-Barbuda","6110","Valeur US $","22008","Produit Intérieur Brut","2017","2017","Millions d’USD","1467.977778","X","Ciffre de sources internationales",""
"MK","Indicateurs macro","682","Arabie saoudite","6110","Valeur US $","22008","Produit Intérieur Brut","2017","2017","Millions d’USD","688586.094413","X","Ciffre de sources internationales",""
"MK","Indicateurs macro","032","Argentine","6110","Valeur US $","22008","Produit Intérieur Brut","2017","2017","Millions d’USD","643628.396191","X","Ciffre de sources internationales",""
"MK","Indicateurs macro","051","Arménie","6110","Valeur US $","22008","Produit Intérieur Brut","2017","2017","Millions d’USD","11527.458713","X","Ciffre de sources internationales",""
"MK","Indicateurs macro","533","Aruba","6110","Valeur US $","22008","Produit Intérieur Brut","2017","2017","Millions d’USD","3092.430168","X","Ciffre de sources internationales",""
"MK","Indicateurs macro","036","Australie","6110","Valeur US $","22008","Produit Intérieur Brut","2017","2017","Millions d’USD","1412242.647034","X","Ciffre de sources internationales",""
"MK","Indicateurs macro","040","Autriche","6110","Valeur US $","22008","Produit Intérieur Brut","2017","2017","Millions d’USD","417261.151845","X","Ciffre de sources internationales",""
"MK","Indicateurs macro","031","Azerbaïdjan","6110","Valeur US $","22008","Produit Intérieur Brut","2017","2017","Millions d’USD","40866.632048","X","Ciffre de sources internationales",""
"MK","Indicateurs macro","044","Bahamas","6110","Valeur US $","22008","Produit Intérieur Brut","2017","2017","Millions d’USD","12357.6","X","Ciffre de sources internationales",""
"MK","Indicateurs macro","048","Bahreïn","6110","Valeur US $","22008","Produit Intérieur Brut","2017","2017","Millions d’USD","35473.670213","X","Ciffre de sources internationales",""
"MK","Indicateurs macro","050","Bangladesh","6110","Valeur US $","22008","Produit Intérieur Brut","2017","2017","Millions d’USD","288958.017599","X","Ciffre de sources internationales",""
"MK","Indicateurs macro","052","Barbade","6110","Valeur US $","22008","Produit Intérieur Brut","2017","2017","Millions d’USD","4981.5885","X","Ciffre de sources internationales",""
"MK","Indicateurs macro","112","Bélarus","6110","Valeur US $","22008","Produit Intérieur Brut","2017","2017","Millions d’USD","54725.418814","X","Ciffre de sources internationales",""
"MK","Indicateurs macro","056","Belgique","6110","Valeur US $","22008","Produit Intérieur Brut","2017","2017","Millions d’USD","502764.720556","X","Ciffre de sources internationales",""
"MK","Indicateurs macro","084","Belize","6110","Valeur US $","22008","Produit Intérieur Brut","2017","2017","Millions d’USD","2286.221544","X","Ciffre de sources internationales",""
"MK","Indicateurs macro","204","Bénin","6110","Valeur US $","22008","Produit Intérieur Brut","2017","2017","Millions d’USD","12701.655846","X","Ciffre de sources internationales",""
"MK","Indicateurs macro","060","Bermudes","6110","Valeur US $","22008","Produit Intérieur Brut","2017","2017","Millions d’USD","7142.316","X","Ciffre de sources internationales",""
"MK","Indicateurs macro","064","Bhoutan","6110","Valeur US $","22008","Produit Intérieur Brut","2017","2017","Millions d’USD","2450.366316","X","Ciffre de sources internationales",""
"MK","Indicateurs macro","068","Bolivie (État plurinational de)","6110","Valeur US $","22008","Produit Intérieur Brut","2017","2017","Millions d’USD","37508.683068","X","Ciffre de sources internationales",""
"MK","Indicateurs macro","070","Bosnie-Herzégovine","6110","Valeur US $","22008","Produit Intérieur Brut","2017","2017","Millions d’USD","18080.610875","X","Ciffre de sources internationales",""
"MK","Indicateurs macro","072","Botswana","6110","Valeur US $","22008","Produit Intérieur Brut","2017","2017","Millions d’USD","16105.15335","X","Ciffre de sources internationales",""
"MK","Indicateurs macro","076","Brésil","6110","Valeur US $","22008","Produit Intérieur Brut","2017","2017","Millions d’USD","2063514.688762","X","Ciffre de sources internationales",""
"MK","Indicateurs macro","096","Brunéi Darussalam","6110","Valeur US $","22008","Produit Intérieur Brut","2017","2017","Millions d’USD","12128.166606","X","Ciffre de sources internationales",""
"MK","Indicateurs macro","100","Bulgarie","6110","Valeur US $","22008","Produit Intérieur Brut","2017","2017","Millions d’USD","59200.845118","X","Ciffre de sources internationales",""
"MK","Indicateurs macro","854","Burkina Faso","6110","Valeur US $","22008","Produit Intérieur Brut","2017","2017","Millions d’USD","14106.957348","X","Ciffre de sources internationales",""
"MK","Indicateurs macro","108","Burundi","6110","Valeur US $","22008","Produit Intérieur Brut","2017","2017","Millions d’USD","3297.826848","X","Ciffre de sources internationales",""
"MK","Indicateurs macro","132","Cabo Verde","6110","Valeur US $","22008","Produit Intérieur Brut","2017","2017","Millions d’USD","1769.786532","X","Ciffre de sources internationales",""
"MK","Indicateurs macro","116","Cambodge","6110","Valeur US $","22008","Produit Intérieur Brut","2017","2017","Millions d’USD","22177.200626","X","Ciffre de sources internationales",""
"MK","Indicateurs macro","120","Cameroun","6110","Valeur US $","22008","Produit Intérieur Brut","2017","2017","Millions d’USD","36098.547059","X","Ciffre de sources internationales",""
"MK","Indicateurs macro","124","Canada","6110","Valeur US $","22008","Produit Intérieur Brut","2017","2017","Millions d’USD","1649518.967468","X","Ciffre de sources internationales",""
"MK","Indicateurs macro","152","Chili","6110","Valeur US $","22008","Produit Intérieur Brut","2017","2017","Millions d’USD","277034.678676","X","Ciffre de sources internationales",""
"MK","Indicateurs macro","159","Chine","6110","Valeur US $","22008","Produit Intérieur Brut","2017","2017","Millions d’USD","12702203.973459","X","Ciffre de sources internationales",""
"MK","Indicateurs macro","344","Chine - RAS de Hong-Kong","6110","Valeur US $","22008","Produit Intérieur Brut","2017","2017","Millions d’USD","341271.09999","X","Ciffre de sources internationales",""
"MK","Indicateurs macro","446","Chine - RAS de Macao","6110","Valeur US $","22008","Produit Intérieur Brut","2017","2017","Millions d’USD","50440.935654","X","Ciffre de sources internationales",""
"MK","Indicateurs macro","156","Chine, continentale","6110","Valeur US $","22008","Produit Intérieur Brut","2017","2017","Millions d’USD","12310491.937814","X","Ciffre de sources internationales",""
"MK","Indicateurs macro","196","Chypre","6110","Valeur US $","22008","Produit Intérieur Brut","2017","2017","Millions d’USD","22946.535929","X","Ciffre de sources internationales",""
"MK","Indicateurs macro","170","Colombie","6110","Valeur US $","22008","Produit Intérieur Brut","2017","2017","Millions d’USD","311883.730442","X","Ciffre de sources internationales",""
"MK","Indicateurs macro","174","Comores","6110","Valeur US $","22008","Produit Intérieur Brut","2017","2017","Millions d’USD","1077.439756","X","Ciffre de sources internationales",""
"MK","Indicateurs macro","178","Congo","6110","Valeur US $","22008","Produit Intérieur Brut","2017","2017","Millions d’USD","11094.82324","X","Ciffre de sources internationales",""
"MK","Indicateurs macro","188","Costa Rica","6110","Valeur US $","22008","Produit Intérieur Brut","2017","2017","Millions d’USD","60516.044623","X","Ciffre de sources internationales",""
"MK","Indicateurs macro","384","Côte d'Ivoire","6110","Valeur US $","22008","Produit Intérieur Brut","2017","2017","Millions d’USD","51588.154312","X","Ciffre de sources internationales",""
"MK","Indicateurs macro","191","Croatie","6110","Valeur US $","22008","Produit Intérieur Brut","2017","2017","Millions d’USD","56323.840388","X","Ciffre de sources internationales",""
"MK","Indicateurs macro","192","Cuba","6110","Valeur US $","22008","Produit Intérieur Brut","2017","2017","Millions d’USD","96851","X","Ciffre de sources internationales",""
"MK","Indicateurs macro","531","Curaçao","6110","Valeur US $","22008","Produit Intérieur Brut","2017","2017","Millions d’USD","3009.497207","X","Ciffre de sources internationales",""
"MK","Indicateurs macro","208","Danemark","6110","Valeur US $","22008","Produit Intérieur Brut","2017","2017","Millions d’USD","332121.063806","X","Ciffre de sources internationales",""
"MK","Indicateurs macro","262","Djibouti","6110","Valeur US $","22008","Produit Intérieur Brut","2017","2017","Millions d’USD","2766.868072","X","Ciffre de sources internationales",""
"MK","Indicateurs macro","212","Dominique","6110","Valeur US $","22008","Produit Intérieur Brut","2017","2017","Millions d’USD","520.7","X","Ciffre de sources internationales",""
"MK","Indicateurs macro","818","Égypte","6110","Valeur US $","22008","Produit Intérieur Brut","2017","2017","Millions d’USD","195135.299313","X","Ciffre de sources internationales",""
"MK","Indicateurs macro","222","El Salvador","6110","Valeur US $","22008","Produit Intérieur Brut","2017","2017","Millions d’USD","24979.19","X","Ciffre de sources internationales",""
"MK","Indicateurs macro","784","Émirats arabes unis","6110","Valeur US $","22008","Produit Intérieur Brut","2017","2017","Millions d’USD","385605.506855","X","Ciffre de sources internationales",""
"MK","Indicateurs macro","218","Équateur","6110","Valeur US $","22008","Produit Intérieur Brut","2017","2017","Millions d’USD","104295.862","X","Ciffre de sources internationales",""
"MK","Indicateurs macro","232","Érythrée","6110","Valeur US $","22008","Produit Intérieur Brut","2017","2017","Millions d’USD","1903.966833","X","Ciffre de sources internationales",""
"MK","Indicateurs macro","724","Espagne","6110","Valeur US $","22008","Produit Intérieur Brut","2017","2017","Millions d’USD","1313245.330198","X","Ciffre de sources internationales",""
"MK","Indicateurs macro","233","Estonie","6110","Valeur US $","22008","Produit Intérieur Brut","2017","2017","Millions d’USD","26924.385103","X","Ciffre de sources internationales",""
"MK","Indicateurs macro","748","Eswatini","6110","Valeur US $","22008","Produit Intérieur Brut","2017","2017","Millions d’USD","4401.526105","X","Ciffre de sources internationales",""
"MK","Indicateurs macro","840","États-Unis d'Amérique","6110","Valeur US $","22008","Produit Intérieur Brut","2017","2017","Millions d’USD","19477337","X","Ciffre de sources internationales",""
"MK","Indicateurs macro","231","Éthiopie","6110","Valeur US $","22008","Produit Intérieur Brut","2017","2017","Millions d’USD","76794.68609","X","Ciffre de sources internationales",""
"MK","Indicateurs macro","643","Fédération de Russie","6110","Valeur US $","22008","Produit Intérieur Brut","2017","2017","Millions d’USD","1574199.379405","X","Ciffre de sources internationales",""
"MK","Indicateurs macro","242","Fidji","6110","Valeur US $","22008","Produit Intérieur Brut","2017","2017","Millions d’USD","5353.491805","X","Ciffre de sources internationales",""
"MK","Indicateurs macro","246","Finlande","6110","Valeur US $","22008","Produit Intérieur Brut","2017","2017","Millions d’USD","255647.979916","X","Ciffre de sources internationales",""
"MK","Indicateurs macro","250","France","6110","Valeur US $","22008","Produit Intérieur Brut","2017","2017","Millions d’USD","2595151.045198","X","Ciffre de sources internationales",""
"MK","Indicateurs macro","266","Gabon","6110","Valeur US $","22008","Produit Intérieur Brut","2017","2017","Millions d’USD","14929.646484","X","Ciffre de sources internationales",""
"MK","Indicateurs macro","270","Gambie","6110","Valeur US $","22008","Produit Intérieur Brut","2017","2017","Millions d’USD","1504.954335","X","Ciffre de sources internationales",""
"MK","Indicateurs macro","268","Géorgie","6110","Valeur US $","22008","Produit Intérieur Brut","2017","2017","Millions d’USD","16242.687078","X","Ciffre de sources internationales",""
"MK","Indicateurs macro","288","Ghana","6110","Valeur US $","22008","Produit Intérieur Brut","2017","2017","Millions d’USD","60403.027568","X","Ciffre de sources internationales",""
"MK","Indicateurs macro","300","Grèce","6110","Valeur US $","22008","Produit Intérieur Brut","2017","2017","Millions d’USD","199844.41844","X","Ciffre de sources internationales",""
"MK","Indicateurs macro","308","Grenade","6110","Valeur US $","22008","Produit Intérieur Brut","2017","2017","Millions d’USD","1125.685977","X","Ciffre de sources internationales",""
"MK","Indicateurs macro","304","Groenland","6110","Valeur US $","22008","Produit Intérieur Brut","2017","2017","Millions d’USD","2851.613478","X","Ciffre de sources internationales",""
"MK","Indicateurs macro","320","Guatemala","6110","Valeur US $","22008","Produit Intérieur Brut","2017","2017","Millions d’USD","71653.756545","X","Ciffre de sources internationales",""
"MK","Indicateurs macro","324","Guinée","6110","Valeur US $","22008","Produit Intérieur Brut","2017","2017","Millions d’USD","10324.668257","X","Ciffre de sources internationales",""
"MK","Indicateurs macro","226","Guinée équatoriale","6110","Valeur US $","22008","Produit Intérieur Brut","2017","2017","Millions d’USD","12200.908721","X","Ciffre de sources internationales",""
"MK","Indicateurs macro","624","Guinée-Bissau","6110","Valeur US $","22008","Produit Intérieur Brut","2017","2017","Millions d’USD","1350.177012","X","Ciffre de sources internationales",""
"MK","Indicateurs macro","328","Guyana","6110","Valeur US $","22008","Produit Intérieur Brut","2017","2017","Millions d’USD","4748.174334","X","Ciffre de sources internationales",""
"MK","Indicateurs macro","332","Haïti","6110","Valeur US $","22008","Produit Intérieur Brut","2017","2017","Millions d’USD","15237.360994","X","Ciffre de sources internationales",""
"MK","Indicateurs macro","340","Honduras","6110","Valeur US $","22008","Produit Intérieur Brut","2017","2017","Millions d’USD","23136.248046","X","Ciffre de sources internationales",""
"MK","Indicateurs macro","348","Hongrie","6110","Valeur US $","22008","Produit Intérieur Brut","2017","2017","Millions d’USD","143112.19604","X","Ciffre de sources internationales",""
"MK","Indicateurs macro","136","Îles Caïmanes","6110","Valeur US $","22008","Produit Intérieur Brut","2017","2017","Millions d’USD","5166.281305","X","Ciffre de sources internationales",""
"MK","Indicateurs macro","184","Îles Cook","6110","Valeur US $","22008","Produit Intérieur Brut","2017","2017","Millions d’USD","345.608995","X","Ciffre de sources internationales",""
"MK","Indicateurs macro","584","Îles Marshall","6110","Valeur US $","22008","Produit Intérieur Brut","2017","2017","Millions d’USD","213.06163","X","Ciffre de sources internationales",""
"MK","Indicateurs macro","090","Îles Salomon","6110","Valeur US $","22008","Produit Intérieur Brut","2017","2017","Millions d’USD","1469.790453","X","Ciffre de sources internationales",""
"MK","Indicateurs macro","796","Îles Turques-et-Caïques","6110","Valeur US $","22008","Produit Intérieur Brut","2017","2017","Millions d’USD","1022.365","X","Ciffre de sources internationales",""
"MK","Indicateurs macro","092","Îles Vierges britanniques","6110","Valeur US $","22008","Produit Intérieur Brut","2017","2017","Millions d’USD","1306.77","X","Ciffre de sources internationales",""
"MK","Indicateurs macro","356","Inde","6110","Valeur US $","22008","Produit Intérieur Brut","2017","2017","Millions d’USD","2624329.044214","X","Ciffre de sources internationales",""
"MK","Indicateurs macro","360","Indonésie","6110","Valeur US $","22008","Produit Intérieur Brut","2017","2017","Millions d’USD","1015618.744168","X","Ciffre de sources internationales",""
"MK","Indicateurs macro","364","Iran (République islamique d')","6110","Valeur US $","22008","Produit Intérieur Brut","2017","2017","Millions d’USD","503710.010469","X","Ciffre de sources internationales",""
"MK","Indicateurs macro","368","Iraq","6110","Valeur US $","22008","Produit Intérieur Brut","2017","2017","Millions d’USD","187217.652027","X","Ciffre de sources internationales",""
"MK","Indicateurs macro","372","Irlande","6110","Valeur US $","22008","Produit Intérieur Brut","2017","2017","Millions d’USD","336377.500161","X","Ciffre de sources internationales",""
"MK","Indicateurs macro","352","Islande","6110","Valeur US $","22008","Produit Intérieur Brut","2017","2017","Millions d’USD","24728.285177","X","Ciffre de sources internationales",""
"MK","Indicateurs macro","376","Israël","6110","Valeur US $","22008","Produit Intérieur Brut","2017","2017","Millions d’USD","355277.447952","X","Ciffre de sources internationales",""
"MK","Indicateurs macro","380","Italie","6110","Valeur US $","22008","Produit Intérieur Brut","2017","2017","Millions d’USD","1961796.197354","X","Ciffre de sources internationales",""
"MK","Indicateurs macro","388","Jamaïque","6110","Valeur US $","22008","Produit Intérieur Brut","2017","2017","Millions d’USD","14808.985267","X","Ciffre de sources internationales",""
"MK","Indicateurs macro","392","Japon","6110","Valeur US $","22008","Produit Intérieur Brut","2017","2017","Millions d’USD","4930837.369151","X","Ciffre de sources internationales",""
"MK","Indicateurs macro","400","Jordanie","6110","Valeur US $","22008","Produit Intérieur Brut","2017","2017","Millions d’USD","41408.450704","X","Ciffre de sources internationales",""
"MK","Indicateurs macro","398","Kazakhstan","6110","Valeur US $","22008","Produit Intérieur Brut","2017","2017","Millions d’USD","166805.788967","X","Ciffre de sources internationales",""
"MK","Indicateurs macro","404","Kenya","6110","Valeur US $","22008","Produit Intérieur Brut","2017","2017","Millions d’USD","82035.78793","X","Ciffre de sources internationales",""
"MK","Indicateurs macro","417","Kirghizistan","6110","Valeur US $","22008","Produit Intérieur Brut","2017","2017","Millions d’USD","7702.938395","X","Ciffre de sources internationales",""
"MK","Indicateurs macro","296","Kiribati","6110","Valeur US $","22008","Produit Intérieur Brut","2017","2017","Millions d’USD","188.182032","X","Ciffre de sources internationales",""
"MK","Indicateurs macro","414","Koweït","6110","Valeur US $","22008","Produit Intérieur Brut","2017","2017","Millions d’USD","120687.635293","X","Ciffre de sources internationales",""
"MK","Indicateurs macro","426","Lesotho","6110","Valeur US $","22008","Produit Intérieur Brut","2017","2017","Millions d’USD","2305.01501","X","Ciffre de sources internationales",""
"MK","Indicateurs macro","428","Lettonie","6110","Valeur US $","22008","Produit Intérieur Brut","2017","2017","Millions d’USD","30483.806018","X","Ciffre de sources internationales",""
"MK","Indicateurs macro","422","Liban","6110","Valeur US $","22008","Produit Intérieur Brut","2017","2017","Millions d’USD","53027.680686","X","Ciffre de sources internationales",""
"MK","Indicateurs macro","430","Libéria","6110","Valeur US $","22008","Produit Intérieur Brut","2017","2017","Millions d’USD","2763","X","Ciffre de sources internationales",""
"MK","Indicateurs macro","434","Libye","6110","Valeur US $","22008","Produit Intérieur Brut","2017","2017","Millions d’USD","67157.45166","X","Ciffre de sources internationales",""
"MK","Indicateurs macro","438","Liechtenstein","6110","Valeur US $","22008","Produit Intérieur Brut","2017","2017","Millions d’USD","6474.31091","X","Ciffre de sources internationales",""
"MK","Indicateurs macro","440","Lituanie","6110","Valeur US $","22008","Produit Intérieur Brut","2017","2017","Millions d’USD","47758.736932","X","Ciffre de sources internationales",""
"MK","Indicateurs macro","442","Luxembourg","6110","Valeur US $","22008","Produit Intérieur Brut","2017","2017","Millions d’USD","65712.180343","X","Ciffre de sources internationales",""
"MK","Indicateurs macro","807","Macédoine du Nord","6110","Valeur US $","22008","Produit Intérieur Brut","2017","2017","Millions d’USD","11307.06119","X","Ciffre de sources internationales",""
"MK","Indicateurs macro","450","Madagascar","6110","Valeur US $","22008","Produit Intérieur Brut","2017","2017","Millions d’USD","13176.313594","X","Ciffre de sources internationales",""
"MK","Indicateurs macro","458","Malaisie","6110","Valeur US $","22008","Produit Intérieur Brut","2017","2017","Millions d’USD","319109.103242","X","Ciffre de sources internationales",""
"MK","Indicateurs macro","454","Malawi","6110","Valeur US $","22008","Produit Intérieur Brut","2017","2017","Millions d’USD","8943.543794","X","Ciffre de sources internationales",""
"MK","Indicateurs macro","462","Maldives","6110","Valeur US $","22008","Produit Intérieur Brut","2017","2017","Millions d’USD","4754.185598","X","Ciffre de sources internationales",""
"MK","Indicateurs macro","466","Mali","6110","Valeur US $","22008","Produit Intérieur Brut","2017","2017","Millions d’USD","15365.713059","X","Ciffre de sources internationales",""
"MK","Indicateurs macro","470","Malte","6110","Valeur US $","22008","Produit Intérieur Brut","2017","2017","Millions d’USD","13484.552331","X","Ciffre de sources internationales",""
"MK","Indicateurs macro","504","Maroc","6110","Valeur US $","22008","Produit Intérieur Brut","2017","2017","Millions d’USD","118540.574728","X","Ciffre de sources internationales",""
"MK","Indicateurs macro","480","Maurice","6110","Valeur US $","22008","Produit Intérieur Brut","2017","2017","Millions d’USD","13713.505998","X","Ciffre de sources internationales",""
"MK","Indicateurs macro","478","Mauritanie","6110","Valeur US $","22008","Produit Intérieur Brut","2017","2017","Millions d’USD","6800.135962","X","Ciffre de sources internationales",""
"MK","Indicateurs macro","484","Mexique","6110","Valeur US $","22008","Produit Intérieur Brut","2017","2017","Millions d’USD","1158912.015259","X","Ciffre de sources internationales",""
"MK","Indicateurs macro","583","Micronésie (États fédérés de)","6110","Valeur US $","22008","Produit Intérieur Brut","2017","2017","Millions d’USD","366.666809","X","Ciffre de sources internationales",""
"MK","Indicateurs macro","492","Monaco","6110","Valeur US $","22008","Produit Intérieur Brut","2017","2017","Millions d’USD","6431.276067","X","Ciffre de sources internationales",""
"MK","Indicateurs macro","496","Mongolie","6110","Valeur US $","22008","Produit Intérieur Brut","2017","2017","Millions d’USD","11480.847571","X","Ciffre de sources internationales",""
"MK","Indicateurs macro","499","Monténégro","6110","Valeur US $","22008","Produit Intérieur Brut","2017","2017","Millions d’USD","4856.612346","X","Ciffre de sources internationales",""
"MK","Indicateurs macro","500","Montserrat","6110","Valeur US $","22008","Produit Intérieur Brut","2017","2017","Millions d’USD","59.666667","X","Ciffre de sources internationales",""
"MK","Indicateurs macro","508","Mozambique","6110","Valeur US $","22008","Produit Intérieur Brut","2017","2017","Millions d’USD","13219.079497","X","Ciffre de sources internationales",""
"MK","Indicateurs macro","104","Myanmar","6110","Valeur US $","22008","Produit Intérieur Brut","2017","2017","Millions d’USD","68209.182343","X","Ciffre de sources internationales",""
"MK","Indicateurs macro","516","Namibie","6110","Valeur US $","22008","Produit Intérieur Brut","2017","2017","Millions d’USD","12887.501268","X","Ciffre de sources internationales",""
"MK","Indicateurs macro","520","Nauru","6110","Valeur US $","22008","Produit Intérieur Brut","2017","2017","Millions d’USD","128.743386","X","Ciffre de sources internationales",""
"MK","Indicateurs macro","524","Népal","6110","Valeur US $","22008","Produit Intérieur Brut","2017","2017","Millions d’USD","29443.014181","X","Ciffre de sources internationales",""
"MK","Indicateurs macro","558","Nicaragua","6110","Valeur US $","22008","Produit Intérieur Brut","2017","2017","Millions d’USD","13785.892849","X","Ciffre de sources internationales",""
"MK","Indicateurs macro","562","Niger","6110","Valeur US $","22008","Produit Intérieur Brut","2017","2017","Millions d’USD","11185.105961","X","Ciffre de sources internationales",""
"MK","Indicateurs macro","566","Nigéria","6110","Valeur US $","22008","Produit Intérieur Brut","2017","2017","Millions d’USD","375744.658045","X","Ciffre de sources internationales",""
"MK","Indicateurs macro","578","Norvège","6110","Valeur US $","22008","Produit Intérieur Brut","2017","2017","Millions d’USD","398393.955269","X","Ciffre de sources internationales",""
"MK","Indicateurs macro","540","Nouvelle-Calédonie","6110","Valeur US $","22008","Produit Intérieur Brut","2017","2017","Millions d’USD","9174.048669","X","Ciffre de sources internationales",""
"MK","Indicateurs macro","554","Nouvelle-Zélande","6110","Valeur US $","22008","Produit Intérieur Brut","2017","2017","Millions d’USD","206623.7588","X","Ciffre de sources internationales",""
"MK","Indicateurs macro","512","Oman","6110","Valeur US $","22008","Produit Intérieur Brut","2017","2017","Millions d’USD","80856.575503","X","Ciffre de sources internationales",""
"MK","Indicateurs macro","800","Ouganda","6110","Valeur US $","22008","Produit Intérieur Brut","2017","2017","Millions d’USD","31593.34937","X","Ciffre de sources internationales",""
"MK","Indicateurs macro","860","Ouzbékistan","6110","Valeur US $","22008","Produit Intérieur Brut","2017","2017","Millions d’USD","62081.322741","X","Ciffre de sources internationales",""
"MK","Indicateurs macro","586","Pakistan","6110","Valeur US $","22008","Produit Intérieur Brut","2017","2017","Millions d’USD","337136.829493","X","Ciffre de sources internationales",""
"MK","Indicateurs macro","585","Palaos","6110","Valeur US $","22008","Produit Intérieur Brut","2017","2017","Millions d’USD","285.623531","X","Ciffre de sources internationales",""
"MK","Indicateurs macro","275","Palestine","6110","Valeur US $","22008","Produit Intérieur Brut","2017","2017","Millions d’USD","16128","X","Ciffre de sources internationales",""
"MK","Indicateurs macro","591","Panama","6110","Valeur US $","22008","Produit Intérieur Brut","2017","2017","Millions d’USD","62202.725204","X","Ciffre de sources internationales",""
"MK","Indicateurs macro","598","Papouasie-Nouvelle-Guinée","6110","Valeur US $","22008","Produit Intérieur Brut","2017","2017","Millions d’USD","22742.696403","X","Ciffre de sources internationales",""
"MK","Indicateurs macro","600","Paraguay","6110","Valeur US $","22008","Produit Intérieur Brut","2017","2017","Millions d’USD","38997.129809","X","Ciffre de sources internationales",""
"MK","Indicateurs macro","528","Pays-Bas (Royaume des)","6110","Valeur US $","22008","Produit Intérieur Brut","2017","2017","Millions d’USD","833869.641687","X","Ciffre de sources internationales",""
"MK","Indicateurs macro","604","Pérou","6110","Valeur US $","22008","Produit Intérieur Brut","2017","2017","Millions d’USD","211007.952316","X","Ciffre de sources internationales",""
"MK","Indicateurs macro","608","Philippines","6110","Valeur US $","22008","Produit Intérieur Brut","2017","2017","Millions d’USD","328480.738148","X","Ciffre de sources internationales",""
"MK","Indicateurs macro","616","Pologne","6110","Valeur US $","22008","Produit Intérieur Brut","2017","2017","Millions d’USD","524641.206562","X","Ciffre de sources internationales",""
"MK","Indicateurs macro","258","Polynésie française","6110","Valeur US $","22008","Produit Intérieur Brut","2017","2017","Millions d’USD","5833.352684","X","Ciffre de sources internationales",""
"MK","Indicateurs macro","630","Porto Rico","6110","Valeur US $","22008","Produit Intérieur Brut","2017","2017","Millions d’USD","103445.5","X","Ciffre de sources internationales",""
"MK","Indicateurs macro","620","Portugal","6110","Valeur US $","22008","Produit Intérieur Brut","2017","2017","Millions d’USD","221357.874719","X","Ciffre de sources internationales",""
"MK","Indicateurs macro","634","Qatar","6110","Valeur US $","22008","Produit Intérieur Brut","2017","2017","Millions d’USD","161099.122215","X","Ciffre de sources internationales",""
"MK","Indicateurs macro","760","République arabe syrienne","6110","Valeur US $","22008","Produit Intérieur Brut","2017","2017","Millions d’USD","16883.861331","X","Ciffre de sources internationales",""
"MK","Indicateurs macro","140","République centrafricaine","6110","Valeur US $","22008","Produit Intérieur Brut","2017","2017","Millions d’USD","2072.349974","X","Ciffre de sources internationales",""
"MK","Indicateurs macro","410","République de Corée","6110","Valeur US $","22008","Produit Intérieur Brut","2017","2017","Millions d’USD","1623901.466309","X","Ciffre de sources internationales",""
"MK","Indicateurs macro","498","République de Moldova","6110","Valeur US $","22008","Produit Intérieur Brut","2017","2017","Millions d’USD","9669.741743","X","Ciffre de sources internationales",""
"MK","Indicateurs macro","180","République démocratique du Congo","6110","Valeur US $","22008","Produit Intérieur Brut","2017","2017","Millions d’USD","37642.464497","X","Ciffre de sources internationales",""
"MK","Indicateurs macro","418","République démocratique populaire lao","6110","Valeur US $","22008","Produit Intérieur Brut","2017","2017","Millions d’USD","17071.155481","X","Ciffre de sources internationales",""
"MK","Indicateurs macro","214","République dominicaine","6110","Valeur US $","22008","Produit Intérieur Brut","2017","2017","Millions d’USD","79998.045976","X","Ciffre de sources internationales",""
"MK","Indicateurs macro","408","République populaire démocratique de Corée","6110","Valeur US $","22008","Produit Intérieur Brut","2017","2017","Millions d’USD","17364.724931","X","Ciffre de sources internationales",""
"MK","Indicateurs macro","834","République-Unie de Tanzanie","6110","Valeur US $","22008","Produit Intérieur Brut","2017","2017","Millions d’USD","54726.778799","X","Ciffre de sources internationales",""
"MK","Indicateurs macro","642","Roumanie","6110","Valeur US $","22008","Produit Intérieur Brut","2017","2017","Millions d’USD","210147.181055","X","Ciffre de sources internationales",""
"MK","Indicateurs macro","826","Royaume-Uni de Grande-Bretagne et d'Irlande du Nord","6110","Valeur US $","22008","Produit Intérieur Brut","2017","2017","Millions d’USD","2683399.006716","X","Ciffre de sources internationales",""
"MK","Indicateurs macro","646","Rwanda","6110","Valeur US $","22008","Produit Intérieur Brut","2017","2017","Millions d’USD","9252.814353","X","Ciffre de sources internationales",""
"MK","Indicateurs macro","662","Sainte-Lucie","6110","Valeur US $","22008","Produit Intérieur Brut","2017","2017","Millions d’USD","1996.77037","X","Ciffre de sources internationales",""
"MK","Indicateurs macro","659","Saint-Kitts-et-Nevis","6110","Valeur US $","22008","Produit Intérieur Brut","2017","2017","Millions d’USD","1058.944444","X","Ciffre de sources internationales",""
"MK","Indicateurs macro","674","Saint-Marin","6110","Valeur US $","22008","Produit Intérieur Brut","2017","2017","Millions d’USD","1528.621195","X","Ciffre de sources internationales",""
"MK","Indicateurs macro","670","Saint-Vincent-et-les Grenadines","6110","Valeur US $","22008","Produit Intérieur Brut","2017","2017","Millions d’USD","847.618519","X","Ciffre de sources internationales",""
"MK","Indicateurs macro","882","Samoa","6110","Valeur US $","22008","Produit Intérieur Brut","2017","2017","Millions d’USD","881.694105","X","Ciffre de sources internationales",""
"MK","Indicateurs macro","678","Sao Tomé-et-Principe","6110","Valeur US $","22008","Produit Intérieur Brut","2017","2017","Millions d’USD","378.598871","X","Ciffre de sources internationales",""
"MK","Indicateurs macro","686","Sénégal","6110","Valeur US $","22008","Produit Intérieur Brut","2017","2017","Millions d’USD","20996.569847","X","Ciffre de sources internationales",""
"MK","Indicateurs macro","688","Serbie","6110","Valeur US $","22008","Produit Intérieur Brut","2017","2017","Millions d’USD","44179.075315","X","Ciffre de sources internationales",""
"MK","Indicateurs macro","690","Seychelles","6110","Valeur US $","22008","Produit Intérieur Brut","2017","2017","Millions d’USD","1529.765696","X","Ciffre de sources internationales",""
"MK","Indicateurs macro","694","Sierra Leone","6110","Valeur US $","22008","Produit Intérieur Brut","2017","2017","Millions d’USD","3739.051196","X","Ciffre de sources internationales",""
"MK","Indicateurs macro","702","Singapour","6110","Valeur US $","22008","Produit Intérieur Brut","2017","2017","Millions d’USD","343187.139055","X","Ciffre de sources internationales",""
"MK","Indicateurs macro","534","Sint Maarten (partie néerlandaise)","6110","Valeur US $","22008","Produit Intérieur Brut","2017","2017","Millions d’USD","1289.329609","X","Ciffre de sources internationales",""
"MK","Indicateurs macro","703","Slovaquie","6110","Valeur US $","22008","Produit Intérieur Brut","2017","2017","Millions d’USD","95649.966261","X","Ciffre de sources internationales",""
"MK","Indicateurs macro","705","Slovénie","6110","Valeur US $","22008","Produit Intérieur Brut","2017","2017","Millions d’USD","48589.100043","X","Ciffre de sources internationales",""
"MK","Indicateurs macro","706","Somalie","6110","Valeur US $","22008","Produit Intérieur Brut","2017","2017","Millions d’USD","5609.009995","X","Ciffre de sources internationales",""
"MK","Indicateurs macro","729","Soudan","6110","Valeur US $","22008","Produit Intérieur Brut","2017","2017","Millions d’USD","122072.729884","X","Ciffre de sources internationales",""
"MK","Indicateurs macro","728","Soudan du Sud","6110","Valeur US $","22008","Produit Intérieur Brut","2017","2017","Millions d’USD","3571.364985","X","Ciffre de sources internationales",""
"MK","Indicateurs macro","144","Sri Lanka","6110","Valeur US $","22008","Produit Intérieur Brut","2017","2017","Millions d’USD","87428.117558","X","Ciffre de sources internationales",""
"MK","Indicateurs macro","752","Suède","6110","Valeur US $","22008","Produit Intérieur Brut","2017","2017","Millions d’USD","541018.749769","X","Ciffre de sources internationales",""
"MK","Indicateurs macro","756","Suisse","6110","Valeur US $","22008","Produit Intérieur Brut","2017","2017","Millions d’USD","704478.516964","X","Ciffre de sources internationales",""
"MK","Indicateurs macro","740","Suriname","6110","Valeur US $","22008","Produit Intérieur Brut","2017","2017","Millions d’USD","3392.950425","X","Ciffre de sources internationales",""
"MK","Indicateurs macro","762","Tadjikistan","6110","Valeur US $","22008","Produit Intérieur Brut","2017","2017","Millions d’USD","7536.403147","X","Ciffre de sources internationales",""
"MK","Indicateurs macro","148","Tchad","6110","Valeur US $","22008","Produit Intérieur Brut","2017","2017","Millions d’USD","13349.041418","X","Ciffre de sources internationales",""
"MK","Indicateurs macro","203","Tchéquie","6110","Valeur US $","22008","Produit Intérieur Brut","2017","2017","Millions d’USD","218628.940952","X","Ciffre de sources internationales",""
"MK","Indicateurs macro","764","Thaïlande","6110","Valeur US $","22008","Produit Intérieur Brut","2017","2017","Millions d’USD","456356.812775","X","Ciffre de sources internationales",""
"MK","Indicateurs macro","626","Timor-Leste","6110","Valeur US $","22008","Produit Intérieur Brut","2017","2017","Millions d’USD","1615.609697","X","Ciffre de sources internationales",""
"MK","Indicateurs macro","768","Togo","6110","Valeur US $","22008","Produit Intérieur Brut","2017","2017","Millions d’USD","6387.424244","X","Ciffre de sources internationales",""
"MK","Indicateurs macro","776","Tonga","6110","Valeur US $","22008","Produit Intérieur Brut","2017","2017","Millions d’USD","461.324081","X","Ciffre de sources internationales",""
"MK","Indicateurs macro","780","Trinité-et-Tobago","6110","Valeur US $","22008","Produit Intérieur Brut","2017","2017","Millions d’USD","23797.686966","X","Ciffre de sources internationales",""
"MK","Indicateurs macro","788","Tunisie","6110","Valeur US $","22008","Produit Intérieur Brut","2017","2017","Millions d’USD","42163.530591","X","Ciffre de sources internationales",""
"MK","Indicateurs macro","795","Turkménistan","6110","Valeur US $","22008","Produit Intérieur Brut","2017","2017","Millions d’USD","40217.589376","X","Ciffre de sources internationales",""
"MK","Indicateurs macro","792","Turquie","6110","Valeur US $","22008","Produit Intérieur Brut","2017","2017","Millions d’USD","858988.5786","X","Ciffre de sources internationales",""
"MK","Indicateurs macro","798","Tuvalu","6110","Valeur US $","22008","Produit Intérieur Brut","2017","2017","Millions d’USD","45.295753","X","Ciffre de sources internationales",""
"MK","Indicateurs macro","804","Ukraine","6110","Valeur US $","22008","Produit Intérieur Brut","2017","2017","Millions d’USD","112090.503817","X","Ciffre de sources internationales",""
"MK","Indicateurs macro","858","Uruguay","6110","Valeur US $","22008","Produit Intérieur Brut","2017","2017","Millions d’USD","64233.966863","X","Ciffre de sources internationales",""
"MK","Indicateurs macro","548","Vanuatu","6110","Valeur US $","22008","Produit Intérieur Brut","2017","2017","Millions d’USD","880.046992","X","Ciffre de sources internationales",""
"MK","Indicateurs macro","862","Venezuela (République bolivarienne du)","6110","Valeur US $","22008","Produit Intérieur Brut","2017","2017","Millions d’USD","247932.199787","X","Ciffre de sources internationales",""
"MK","Indicateurs macro","704","Viet Nam","6110","Valeur US $","22008","Produit Intérieur Brut","2017","2017","Millions d’USD","281353.606166","X","Ciffre de sources internationales",""
"MK","Indicateurs macro","887","Yémen","6110","Valeur US $","22008","Produit Intérieur Brut","2017","2017","Millions d’USD","18391.649816","X","Ciffre de sources internationales",""
"MK","Indicateurs macro","894","Zambie","6110","Valeur US $","22008","Produit Intérieur Brut","2017","2017","Millions d’USD","25868.161487","X","Ciffre de sources internationales",""
"MK","Indicateurs macro","716","Zimbabwe","6110","Valeur US $","22008","Produit Intérieur Brut","2017","2017","Millions d’USD","22040.654699","X","Ciffre de sources internationales",""
